{
    "vanilla": {
        "auroc": 0.9088637357830271,
        "auprc": 0.34618264042908664,
        "ece": 0.23414335642346307,
        "importance": {
            "Heart Rate": -0.0006661263740555534,
            "Systolic Blood Pressure": 0.004749528952357751,
            "Diastolic Blood Pressure": 0.0030594348859934173,
            "Respiratory Rate": 0.01246771898333393,
            "Oxygen Saturation": 0.0041257786544224295,
            "Temperature": 0.0034836939835345415,
            "Glucose": 0.007151694782684237,
            "Potassium": 0.002701436971377147,
            "Sodium": 0.005763354200485626,
            "Chloride": 0.003935841681999508,
            "Creatinine": 0.0010518864009591566,
            "BUN": 0.009653643128077649,
            "White Blood Cells": 0.007323979366435085,
            "Platelets": 0.0039854734150248095,
            "Hemoglobin": 0.001043843944646461,
            "Hematocrit": 0.00765508538414611,
            "Lactate": 0.0011238233000673836
        }
    },
    "kgi": {
        "auroc": 0.8835438538932634,
        "auprc": 0.2696265339504017,
        "ece": 0.2978451055116625,
        "importance": {
            "Heart Rate": 0.03199866865954862,
            "Systolic Blood Pressure": 0.008109507501769586,
            "Diastolic Blood Pressure": 0.1467350819986611,
            "Respiratory Rate": 0.018971878401930375,
            "Oxygen Saturation": 0.04590772766563833,
            "Temperature": 0.06494322634635352,
            "Glucose": 0.00402531197345074,
            "Potassium": 0.0,
            "Sodium": 0.011690672711912098,
            "Chloride": 0.011996734548398502,
            "Creatinine": -0.0007017392595453087,
            "BUN": 0.02091459183772268,
            "White Blood Cells": 0.01954148291097041,
            "Platelets": 0.028848658430739554,
            "Hemoglobin": 0.009659125263441204,
            "Hematocrit": 0.00867774103539476,
            "Lactate": 0.006866522692606847
        },
        "auprc_ablated": 0.2259048092495683,
        "kgi_gain": 0.04372172470083341
    }
}