{
    "vanilla": {
        "auroc": 0.7277695756780402,
        "auprc": 0.12988678452583136,
        "ece": 0.34773939778116997,
        "importance": {
            "Heart Rate": -0.0019480564353858698,
            "Systolic Blood Pressure": 0.004246588909233656,
            "Diastolic Blood Pressure": 0.0017554890350885144,
            "Respiratory Rate": 0.0035832669994754485,
            "Oxygen Saturation": 0.003659910250920023,
            "Temperature": -0.0012529106556833092,
            "Glucose": 0.002426744414273152,
            "Potassium": 0.0001142562806780989,
            "Sodium": 0.00038110021659762405,
            "Chloride": 3.615221543884495e-05,
            "Creatinine": 0.0002579470914703397,
            "BUN": 0.0033718333766162567,
            "White Blood Cells": 0.004121484406267806,
            "Platelets": 0.00034795677202800745,
            "Hemoglobin": 0.0010488878049491335,
            "Hematocrit": -0.00537365271360668,
            "Lactate": -0.0004264474354196135
        }
    },
    "kgi": {
        "auroc": 0.7099737532808399,
        "auprc": 0.11255858379926426,
        "ece": 0.39379796233934666,
        "importance": {
            "Heart Rate": 0.0004910648061170336,
            "Systolic Blood Pressure": -0.0025309945912771886,
            "Diastolic Blood Pressure": -0.006297019104058013,
            "Respiratory Rate": -0.006672342915971782,
            "Oxygen Saturation": 0.00042963498705193837,
            "Temperature": 0.011035223043599593,
            "Glucose": -3.471844504429611e-06,
            "Potassium": 0.0,
            "Sodium": -0.003842149329763081,
            "Chloride": -0.0019258812426655586,
            "Creatinine": -3.996724429328191e-07,
            "BUN": -0.002084358620044177,
            "White Blood Cells": -0.00366349887752232,
            "Platelets": -0.0021979641222584223,
            "Hemoglobin": -0.004081932851226613,
            "Hematocrit": -0.005472717887346268,
            "Lactate": -0.004406560574507279
        },
        "auprc_ablated": 0.11255858379926426,
        "kgi_gain": 0.0
    }
}