{
    "vanilla": {
        "auroc": 0.9088637357830271,
        "auprc": 0.34618264042908664,
        "ece": 0.23414335642346307,
        "importance": {
            "Heart Rate": -0.0005620787784377801,
            "Systolic Blood Pressure": 0.0039569947729786725,
            "Diastolic Blood Pressure": 0.0034109323548615067,
            "Respiratory Rate": 0.007787439031635701,
            "Oxygen Saturation": 0.0037799512513259637,
            "Temperature": 0.007843715794145723,
            "Glucose": 0.006506234173606351,
            "Potassium": 0.0025173327982491167,
            "Sodium": 0.007065736928654476,
            "Chloride": 0.004186955350874155,
            "Creatinine": 0.0009445212891707744,
            "BUN": 0.009271449656486241,
            "White Blood Cells": 0.0026575084141123306,
            "Platelets": 0.0015558448261244195,
            "Hemoglobin": 0.0017016102645925901,
            "Hematocrit": 0.005906636444698299,
            "Lactate": 0.0032843455055289184
        }
    },
    "kgi": {
        "auroc": 0.8727936351706036,
        "auprc": 0.25885130561013425,
        "ece": 0.22219794226917639,
        "importance": {
            "Heart Rate": 0.033561659694524154,
            "Systolic Blood Pressure": 0.038872853034257165,
            "Diastolic Blood Pressure": 0.0009678321418923885,
            "Respiratory Rate": 0.020609228760193193,
            "Oxygen Saturation": 0.04573314379002602,
            "Temperature": 0.010943818694452462,
            "Glucose": -0.001237231746247236,
            "Potassium": 0.0,
            "Sodium": 0.001908809577382986,
            "Chloride": 0.018121937537922655,
            "Creatinine": -0.004823838885271103,
            "BUN": 0.016645545785521243,
            "White Blood Cells": 0.004926065388968226,
            "Platelets": 0.011341973565940133,
            "Hemoglobin": 0.005385214850193332,
            "Hematocrit": 0.002287412049362725,
            "Lactate": 0.004838839758674052
        },
        "auprc_ablated": 0.25885130561013425,
        "kgi_gain": 0.0
    }
}