{
    "vanilla": {
        "auroc": 0.9150180446194226,
        "auprc": 0.3221611054703927,
        "ece": 0.21877638039660424,
        "importance": {
            "Heart Rate": 0.08774393370045361,
            "Systolic Blood Pressure": -0.009785432939084904,
            "Diastolic Blood Pressure": 0.012072901009900938,
            "Respiratory Rate": 0.004901868628967299,
            "Oxygen Saturation": 0.050884541714248666,
            "Temperature": 0.042946234519191495,
            "Glucose": 0.004848508174542354,
            "Potassium": 0.00806516895539805,
            "Sodium": 0.001212546535966974,
            "Chloride": -0.005282373882362024,
            "Creatinine": 0.005030746038623357,
            "BUN": -0.010260199423167582,
            "White Blood Cells": -0.005352058211694211,
            "Platelets": 0.03838271424789991,
            "Hemoglobin": 0.030367581426174184,
            "Hematocrit": -0.0029742515242832668,
            "Lactate": 0.1423836815035567
        }
    },
    "kgi": {
        "auroc": 0.9100092957130358,
        "auprc": 0.3006364398894647,
        "ece": 0.18136645830616752,
        "importance": {
            "Heart Rate": 0.061597397159133954,
            "Systolic Blood Pressure": 0.0039211926393838414,
            "Diastolic Blood Pressure": -0.0007603338456408926,
            "Respiratory Rate": -0.0006574749444439032,
            "Oxygen Saturation": 0.023025164797486064,
            "Temperature": 0.054134027981404265,
            "Glucose": 0.017261624323086255,
            "Potassium": 0.002639870783272491,
            "Sodium": 0.005786177996545239,
            "Chloride": 0.015417043865943614,
            "Creatinine": 0.0020932057339287935,
            "BUN": 0.005876957058954635,
            "White Blood Cells": 0.00042756208204386414,
            "Platelets": 0.001739005214743572,
            "Hemoglobin": 0.0014360728616759078,
            "Hematocrit": 0.0026835382095408145,
            "Lactate": 0.15703996074038493
        },
        "auprc_ablated": 0.3006364398894647,
        "kgi_gain": 0.0
    }
}