{
    "vanilla": {
        "auroc": 0.9150180446194226,
        "auprc": 0.3221611054703927,
        "ece": 0.21877638039660424,
        "importance": {
            "Heart Rate": 0.0860992002729262,
            "Systolic Blood Pressure": -0.014528743732805716,
            "Diastolic Blood Pressure": 0.017079429442350247,
            "Respiratory Rate": 0.009779020355005663,
            "Oxygen Saturation": 0.05360646470698732,
            "Temperature": 0.048069253140212764,
            "Glucose": 0.000571595920528023,
            "Potassium": 0.0069018338565972615,
            "Sodium": -0.0056623840544010595,
            "Chloride": -0.007142394077093994,
            "Creatinine": 0.005386067253824123,
            "BUN": -0.010139447142426483,
            "White Blood Cells": -0.008334330619535979,
            "Platelets": 0.030542161118114364,
            "Hemoglobin": 0.013270609753391616,
            "Hematocrit": -0.0016213707549702083,
            "Lactate": 0.16390888366154238
        }
    },
    "kgi": {
        "auroc": 0.9163604549431322,
        "auprc": 0.29953177446767854,
        "ece": 0.13983800792818374,
        "importance": {
            "Heart Rate": 0.0682356702484839,
            "Systolic Blood Pressure": 0.0595374595161042,
            "Diastolic Blood Pressure": 0.0031061820319132627,
            "Respiratory Rate": 0.025726995707053002,
            "Oxygen Saturation": 0.055370419475595845,
            "Temperature": 0.06652208054992081,
            "Glucose": 0.009555678771715093,
            "Potassium": 0.005062446861825387,
            "Sodium": 0.0015746324732414663,
            "Chloride": -0.0003560018956031974,
            "Creatinine": -0.0017516344229965841,
            "BUN": 0.0022726613596968925,
            "White Blood Cells": 0.007429185279848427,
            "Platelets": 0.010016696017520421,
            "Hemoglobin": 0.016513926528293477,
            "Hematocrit": 0.0072924582908754365,
            "Lactate": 0.10695267770486502
        },
        "auprc_ablated": 0.29953177446767854,
        "kgi_gain": 0.0
    }
}