{
    "vanilla": {
        "auroc": 0.7277695756780402,
        "auprc": 0.12988678452583136,
        "ece": 0.34773939778116997,
        "importance": {
            "Heart Rate": -0.0010214960676549478,
            "Systolic Blood Pressure": 0.0007799646652858483,
            "Diastolic Blood Pressure": 0.0027065071295101772,
            "Respiratory Rate": -5.1376138514608316e-05,
            "Oxygen Saturation": 0.002068155456637827,
            "Temperature": -0.0018320251547918887,
            "Glucose": 0.0001502005435023157,
            "Potassium": 0.00030631910711995114,
            "Sodium": -0.00047663105998591027,
            "Chloride": 1.3777619414317988e-05,
            "Creatinine": 0.00017191240140149167,
            "BUN": 0.00017125752815980166,
            "White Blood Cells": 0.006208955020607573,
            "Platelets": -0.00018860972321588232,
            "Hemoglobin": 0.0012570602514212215,
            "Hematocrit": 0.001709545682396424,
            "Lactate": -0.0003428692701857583
        }
    },
    "kgi": {
        "auroc": 0.7144001531058618,
        "auprc": 0.10275046872672525,
        "ece": 0.22643921021868568,
        "importance": {
            "Heart Rate": 0.016504947304207734,
            "Systolic Blood Pressure": 0.013382077546257268,
            "Diastolic Blood Pressure": 0.013337302619308558,
            "Respiratory Rate": 0.014829135687759912,
            "Oxygen Saturation": 0.0020460233109129977,
            "Temperature": 0.01743540147092297,
            "Glucose": -3.32112057370576e-05,
            "Potassium": -1.3877787807814457e-17,
            "Sodium": 0.0009132076763645885,
            "Chloride": 0.0011921288633003069,
            "Creatinine": -0.00012323854418645752,
            "BUN": 0.0007558407013373708,
            "White Blood Cells": -0.00038249916602459133,
            "Platelets": -0.0030296965129573833,
            "Hemoglobin": 8.824072360899549e-06,
            "Hematocrit": 0.00033882544346949817,
            "Lactate": 0.0033700459999139454
        },
        "auprc_ablated": 0.0350617712276228,
        "kgi_gain": 0.06768869749910245
    }
}