{
    "vanilla": {
        "auroc": 0.9150180446194226,
        "auprc": 0.3221611054703927,
        "ece": 0.21877638039660424
    },
    "kgi": {
        "auroc": 0.9100092957130358,
        "auprc": 0.3006364398894647,
        "ece": 0.18136645830616752,
        "auprc_ablated": 0.3006364398894647,
        "kgi_gain": 0.0
    }
}