{
    "vanilla": {
        "auroc": 0.9088637357830271,
        "auprc": 0.34618264042908664,
        "ece": 0.23414335642346307
    },
    "kgi": {
        "auroc": 0.8835438538932634,
        "auprc": 0.2696265339504017,
        "ece": 0.2978451055116625,
        "auprc_ablated": 0.2259048092495683,
        "kgi_gain": 0.04372172470083341
    }
}