{
    "vanilla": {
        "auroc": 0.7277695756780402,
        "auprc": 0.12988678452583136,
        "ece": 0.34773939778116997
    },
    "kgi": {
        "auroc": 0.7144001531058618,
        "auprc": 0.10275046872672525,
        "ece": 0.22643921021868568,
        "auprc_ablated": 0.0350617712276228,
        "kgi_gain": 0.06768869749910245
    }
}